{"cameraMode":{"drawMode":0,"name":"Shaded","section":"Shading Mode"},"sceneLighting":true,"audioPlay":false,"sceneViewState":{"m_AlwaysRefresh":false,"showFog":true,"showSkybox":true,"showFlares":true,"showImageEffects":true,"showParticleSystems":true,"showVisualEffectGraphs":true,"m_FxEnabled":true},"in2DMode":false,"pivot":{"x":-2.6080894470214845,"y":35.791786193847659,"z":23.644100189208986},"rotation":{"x":0.03460336849093437,"y":-0.2819461524486542,"z":0.013173715211451054,"w":0.9594603776931763},"size":4.3471221923828129,"orthographic":false}