{"cameraMode":{"drawMode":0,"name":"Shaded","section":"Shading Mode"},"sceneLighting":true,"audioPlay":false,"sceneViewState":{"m_AlwaysRefresh":false,"showFog":true,"showSkybox":true,"showFlares":true,"showImageEffects":true,"showParticleSystems":true,"showVisualEffectGraphs":true,"m_FxEnabled":true},"in2DMode":false,"pivot":{"x":-11.861732482910157,"y":26.646560668945314,"z":-22.767772674560548},"rotation":{"x":0.16434358060359956,"y":-0.5812122225761414,"z":0.12025843560695648,"w":0.7889891266822815},"size":14.363112449645996,"orthographic":false}