{"cameraMode":{"drawMode":0,"name":"Shaded","section":"Shading Mode"},"sceneLighting":true,"audioPlay":false,"sceneViewState":{"m_AlwaysRefresh":false,"showFog":true,"showSkybox":true,"showFlares":true,"showImageEffects":true,"showParticleSystems":true,"showVisualEffectGraphs":true,"m_FxEnabled":true},"in2DMode":false,"pivot":{"x":15.732024192810059,"y":10.025045394897461,"z":-117.9020004272461},"rotation":{"x":-0.09023461490869522,"y":-0.4662953019142151,"z":0.04784896597266197,"w":-0.8787640929222107},"size":0.22258198261260987,"orthographic":false}