{"cameraMode":{"drawMode":0,"name":"Shaded","section":"Shading Mode"},"sceneLighting":true,"audioPlay":false,"sceneViewState":{"m_AlwaysRefresh":false,"showFog":true,"showSkybox":true,"showFlares":true,"showImageEffects":true,"showParticleSystems":true,"showVisualEffectGraphs":true,"m_FxEnabled":true},"in2DMode":false,"pivot":{"x":14.658284187316895,"y":34.6097297668457,"z":-44.655982971191409},"rotation":{"x":-0.031777676194906238,"y":0.6914645433425903,"z":-0.028867501765489579,"w":-0.7223644852638245},"size":2.4015705585479738,"orthographic":false}