{"cameraMode":{"drawMode":0,"name":"Shaded","section":"Shading Mode"},"sceneLighting":true,"audioPlay":false,"sceneViewState":{"m_AlwaysRefresh":false,"showFog":true,"showSkybox":true,"showFlares":true,"showImageEffects":true,"showParticleSystems":true,"showVisualEffectGraphs":true,"m_FxEnabled":true},"in2DMode":false,"pivot":{"x":3.727914810180664,"y":34.62375259399414,"z":-1.1928281784057618},"rotation":{"x":0.10736681520938873,"y":0.39730826020240786,"z":-0.044532276690006259,"w":0.9110886454582214},"size":4.3471221923828129,"orthographic":false}