{"cameraMode":{"drawMode":0,"name":"Shaded","section":"Shading Mode"},"sceneLighting":true,"audioPlay":false,"sceneViewState":{"m_AlwaysRefresh":false,"showFog":true,"showSkybox":true,"showFlares":true,"showImageEffects":true,"showParticleSystems":true,"showVisualEffectGraphs":true,"m_FxEnabled":true},"in2DMode":false,"pivot":{"x":228.3282928466797,"y":57.790924072265628,"z":69.08055114746094},"rotation":{"x":-0.03844654560089111,"y":0.45669159293174746,"z":0.021690992638468744,"w":0.8891481161117554},"size":133.35006713867188,"orthographic":false}