{"cameraMode":{"drawMode":0,"name":"Shaded","section":"Shading Mode"},"sceneLighting":true,"audioPlay":false,"sceneViewState":{"m_AlwaysRefresh":false,"showFog":true,"showSkybox":true,"showFlares":true,"showImageEffects":true,"showParticleSystems":true,"showVisualEffectGraphs":true,"m_FxEnabled":true},"in2DMode":false,"pivot":{"x":-23.304874420166017,"y":36.081905364990237,"z":6.755127906799316},"rotation":{"x":-0.03034486249089241,"y":0.8794441819190979,"z":-0.054539889097213748,"w":-0.47375962138175967},"size":6.026110649108887,"orthographic":false}