{"cameraMode":{"drawMode":0,"name":"Shaded","section":"Shading Mode"},"sceneLighting":true,"audioPlay":false,"sceneViewState":{"m_AlwaysRefresh":false,"showFog":true,"showSkybox":true,"showFlares":true,"showImageEffects":true,"showParticleSystems":true,"showVisualEffectGraphs":true,"m_FxEnabled":true},"in2DMode":false,"pivot":{"x":268.6134948730469,"y":27.870845794677736,"z":1.1548593044281006},"rotation":{"x":-0.012973490171134472,"y":-0.6088799238204956,"z":0.0077421097084879879,"w":-0.793768584728241},"size":133.35008239746095,"orthographic":false}